{"cameraMode":{"drawMode":0,"name":"Shaded","section":"Shading Mode"},"sceneLighting":false,"audioPlay":false,"sceneViewState":{"showFog":true,"showMaterialUpdate":true,"showSkybox":true,"showFlares":true,"showImageEffects":true,"showParticleSystems":true},"in2DMode":false,"pivot":{"x":-0.6817137002944946,"y":0.5528016686439514,"z":-9.209498405456543},"rotation":{"x":-0.5758227705955505,"y":-0.02154531329870224,"z":0.015266155824065209,"w":-0.8172314167022705},"size":2.8480706214904787,"orthographic":false}