{"cameraMode":{"drawMode":0,"name":"Shaded","section":"Shading Mode"},"sceneLighting":false,"audioPlay":false,"sceneViewState":{"showFog":true,"showMaterialUpdate":true,"showSkybox":false,"showFlares":true,"showImageEffects":true,"showParticleSystems":true},"in2DMode":false,"pivot":{"x":2.259000062942505,"y":0.8019999861717224,"z":-8.821999549865723},"rotation":{"x":-0.29826244711875918,"y":-0.050951000303030017,"z":0.015922289341688157,"w":-0.9530128836631775},"size":2.601846933364868,"orthographic":false}