{"cameraMode":{"drawMode":0,"name":"Shaded","section":"Shading Mode"},"sceneLighting":false,"audioPlay":false,"sceneViewState":{"showFog":true,"showMaterialUpdate":true,"showSkybox":true,"showFlares":true,"showImageEffects":true,"showParticleSystems":true},"in2DMode":false,"pivot":{"x":-0.28498411178588869,"y":1.472120761871338,"z":-8.953895568847657},"rotation":{"x":-0.1139879822731018,"y":-0.036649852991104129,"z":0.004264055285602808,"w":-0.9928553700447083},"size":0.90739506483078,"orthographic":false}