{"cameraMode":{"drawMode":0,"name":"Shaded","section":"Shading Mode"},"sceneLighting":false,"audioPlay":false,"sceneViewState":{"showFog":true,"showMaterialUpdate":true,"showSkybox":false,"showFlares":true,"showImageEffects":true,"showParticleSystems":true},"in2DMode":false,"pivot":{"x":1.5056263208389283,"y":0.8445883989334106,"z":-9.74097728729248},"rotation":{"x":-0.10362857580184937,"y":-0.000897072721272707,"z":0.000121638884593267,"w":-0.9946592450141907},"size":0.47320544719696047,"orthographic":false}