{"cameraMode":{"drawMode":0,"name":"Shaded","section":"Shading Mode"},"sceneLighting":false,"audioPlay":false,"sceneViewState":{"showFog":true,"showMaterialUpdate":true,"showSkybox":false,"showFlares":true,"showImageEffects":true,"showParticleSystems":true},"in2DMode":false,"pivot":{"x":1.6382758617401124,"y":0.622837245464325,"z":-8.878459930419922},"rotation":{"x":0.2475586086511612,"y":0.04996924102306366,"z":-0.0127858342602849,"w":0.9674994349479675},"size":0.6921223402023315,"orthographic":false}