{"cameraMode":{"drawMode":0,"name":"Shaded","section":"Shading Mode"},"sceneLighting":false,"audioPlay":false,"sceneViewState":{"showFog":true,"showMaterialUpdate":true,"showSkybox":true,"showFlares":true,"showImageEffects":true,"showParticleSystems":true},"in2DMode":false,"pivot":{"x":0.2116166651248932,"y":0.9626779556274414,"z":-9.063261032104493},"rotation":{"x":-0.01872391067445278,"y":-0.9516505599021912,"z":0.3009780943393707,"w":-0.05947859585285187},"size":5.984742641448975,"orthographic":false}