{"cameraMode":{"drawMode":0,"name":"Shaded","section":"Shading Mode"},"sceneLighting":false,"audioPlay":false,"sceneViewState":{"showFog":true,"showMaterialUpdate":true,"showSkybox":false,"showFlares":true,"showImageEffects":true,"showParticleSystems":true},"in2DMode":false,"pivot":{"x":0.11415217071771622,"y":0.46378374099731448,"z":-0.3341638445854187},"rotation":{"x":0.5098718404769898,"y":-0.05155188962817192,"z":0.030629627406597139,"w":0.8581628203392029},"size":0.3695562183856964,"orthographic":true}