{"cameraMode":{"drawMode":0,"name":"Shaded","section":"Shading Mode"},"sceneLighting":false,"audioPlay":false,"sceneViewState":{"showFog":true,"showMaterialUpdate":true,"showSkybox":false,"showFlares":true,"showImageEffects":true,"showParticleSystems":true},"in2DMode":false,"pivot":{"x":0.009255991317331791,"y":-0.035744838416576388,"z":-0.025392621755599977},"rotation":{"x":-0.00023959072132129222,"y":0.9996843338012695,"z":-0.009895304217934609,"w":-0.023700512945652009},"size":0.1442905068397522,"orthographic":false}