{"cameraMode":{"drawMode":0,"name":"Shaded","section":"Shading Mode"},"sceneLighting":false,"audioPlay":false,"sceneViewState":{"showFog":true,"showMaterialUpdate":true,"showSkybox":false,"showFlares":true,"showImageEffects":true,"showParticleSystems":true},"in2DMode":false,"pivot":{"x":2.0889999866485597,"y":0.6919999718666077,"z":-8.821999549865723},"rotation":{"x":-0.14779449999332429,"y":0.20954132080078126,"z":-0.03206290304660797,"w":-0.9660634398460388},"size":0.20405328273773194,"orthographic":false}